subject,story,raw_score,sft_score,delta
sub-094,prettymouth,0.8759,0.9491,0.07320000000000004
sub-109,prettymouth,0.8919,0.9571,0.06519999999999992
sub-078,pieman,0.8948,0.9566,0.061799999999999966
sub-217,shapessocial,0.8865,0.9463,0.059800000000000075
sub-019,pieman,0.9032,0.9601,0.05689999999999995
sub-225,shapessocial,0.8953,0.952,0.05669999999999997
sub-320,notthefallintact,0.909,0.9592,0.05020000000000002
sub-330,notthefallintact,0.9161,0.9644,0.04830000000000001
sub-328,notthefallintact,0.9109,0.9568,0.04589999999999994
sub-044,pieman,0.9292,0.9703,0.041100000000000025
sub-063,pieman,0.9341,0.9738,0.03969999999999996
sub-075,pieman,0.7865,0.8042,0.01770000000000005
sub-149,merlin,0.7665,0.7811,0.014600000000000057
sub-147,sherlock,0.7844,0.7985,0.014100000000000001
sub-244,shapesphysical,0.7593,0.7731,0.013800000000000034
sub-275,bronx,0.8181,0.8315,0.013399999999999967
sub-075,sherlock,0.8093,0.8226,0.013299999999999979
sub-127,bronx,0.8389,0.8518,0.012900000000000023
sub-165,merlin,0.7909,0.8032,0.012299999999999978
sub-199,notthefalllongscram,0.8131,0.8253,0.012199999999999989
sub-163,merlin,0.7834,0.7956,0.012199999999999989
sub-279,piemanpni,0.7932,0.8051,0.011900000000000022
sub-127,forgot,0.8478,0.8596,0.011800000000000033
sub-295,piemanpni,0.8531,0.8647,0.011600000000000055
sub-177,merlin,0.757,0.7686,0.011599999999999944
sub-270,21styear,0.7932,0.8048,0.011599999999999944
sub-159,sherlock,0.7711,0.7824,0.011299999999999977
sub-141,notthefallintact,0.8202,0.8313,0.011099999999999999
sub-161,merlin,0.8266,0.8375,0.01090000000000002
sub-296,black,0.777,0.7879,0.01090000000000002
sub-284,bronx,0.812,0.8228,0.01079999999999992
sub-155,sherlock,0.8154,0.826,0.010599999999999943
sub-277,forgot,0.8227,0.8332,0.010500000000000065
sub-154,merlin,0.7941,0.8046,0.010499999999999954
sub-295,forgot,0.8622,0.8724,0.010199999999999987
sub-001,tunnel,0.9804,0.9905,0.010099999999999998
sub-161,sherlock,0.8061,0.8161,0.010000000000000009
sub-293,forgot,0.8169,0.8269,0.010000000000000009
sub-147,merlin,0.8604,0.8704,0.009999999999999898
sub-290,black,0.7875,0.7972,0.009700000000000042
sub-276,forgot,0.8326,0.8423,0.009700000000000042
sub-156,merlin,0.8143,0.824,0.009699999999999931
sub-163,sherlock,0.7968,0.8064,0.009600000000000053
sub-273,forgot,0.7691,0.7787,0.009599999999999942
sub-282,bronx,0.8174,0.8269,0.009499999999999953
sub-273,bronx,0.8138,0.8232,0.009400000000000075
sub-341,notthefallintact,0.8189,0.8283,0.009400000000000075
sub-096,notthefallshortscram,0.8364,0.8458,0.009399999999999964
sub-158,merlin,0.7557,0.7651,0.009399999999999964
sub-171,merlin,0.7694,0.7787,0.009299999999999975
sub-307,piemanpni,0.8339,0.8431,0.009199999999999986
sub-175,merlin,0.8325,0.8417,0.009199999999999986
sub-343,notthefallintact,0.9791,0.9882,0.009099999999999997
sub-168,merlin,0.7857,0.7948,0.009099999999999997
sub-176,sherlock,0.7941,0.8031,0.009000000000000008
sub-148,merlin,0.7908,0.7998,0.009000000000000008
sub-291,forgot,0.8745,0.8835,0.008999999999999897
sub-106,notthefalllongscram,0.8196,0.8285,0.008900000000000019
sub-073,lucy,0.9028,0.9116,0.008799999999999919
sub-302,forgot,0.8272,0.8359,0.00869999999999993
sub-157,sherlock,0.8219,0.8305,0.008600000000000052
sub-137,notthefallshortscram,0.8389,0.8474,0.008500000000000063
sub-167,sherlock,0.7868,0.7953,0.008499999999999952
sub-155,merlin,0.8004,0.8089,0.008499999999999952
sub-178,merlin,0.8486,0.857,0.008399999999999963
sub-178,sherlock,0.8431,0.8514,0.008300000000000085
sub-134,notthefallintact,0.8691,0.8774,0.008299999999999974
sub-298,forgot,0.7877,0.7959,0.008200000000000096
sub-154,sherlock,0.7975,0.8056,0.008099999999999996
sub-023,prettymouth,0.8275,0.8356,0.008099999999999996
sub-207,shapesphysical,0.8052,0.8132,0.008000000000000007
sub-084,notthefallintact,0.8318,0.8398,0.008000000000000007
sub-267,black,0.7735,0.7814,0.007900000000000018
sub-281,black,0.7954,0.8033,0.007900000000000018
sub-340,notthefallintact,0.8744,0.8823,0.007900000000000018
sub-146,sherlock,0.8134,0.8212,0.007800000000000029
sub-195,notthefallshortscram,0.8108,0.8185,0.00770000000000004
sub-034,notthefalllongscram,0.8611,0.8688,0.00770000000000004
sub-016,notthefallshortscram,0.8634,0.8711,0.00770000000000004
sub-159,merlin,0.7638,0.7715,0.007699999999999929
sub-127,shapessocial,0.8354,0.8431,0.007699999999999929
sub-272,forgot,0.8555,0.8631,0.00759999999999994
sub-135,notthefallshortscram,0.8819,0.8895,0.00759999999999994
sub-136,notthefallshortscram,0.8061,0.8136,0.007499999999999951
sub-074,pieman,0.8076,0.815,0.007399999999999962
sub-309,piemanpni,0.8274,0.8347,0.007299999999999973
sub-294,bronx,0.8381,0.8453,0.007200000000000095
sub-209,shapessocial,0.7877,0.7949,0.007200000000000095
sub-333,notthefallshortscram,0.8568,0.864,0.007199999999999984
sub-341,notthefalllongscram,0.8557,0.8628,0.007099999999999995
sub-162,merlin,0.8136,0.8206,0.007000000000000006
sub-315,forgot,0.8478,0.8548,0.007000000000000006
sub-330,notthefalllongscram,0.884,0.891,0.007000000000000006
sub-143,notthefallshortscram,0.8488,0.8557,0.006900000000000017
sub-169,merlin,0.8169,0.8238,0.006900000000000017
sub-164,merlin,0.8175,0.8244,0.006900000000000017
sub-307,black,0.8138,0.8207,0.006900000000000017
sub-041,pieman,0.8282,0.8351,0.006899999999999906
sub-160,sherlock,0.781,0.7878,0.006799999999999917
sub-285,forgot,0.8221,0.8289,0.006799999999999917
sub-326,notthefallintact,0.7787,0.7854,0.006700000000000039
sub-165,sherlock,0.792,0.7987,0.006699999999999928
sub-317,notthefallintact,0.8756,0.8823,0.006699999999999928
sub-283,black,0.7881,0.7947,0.006599999999999939
sub-023,pieman,0.8495,0.8561,0.006599999999999939
sub-255,21styear,0.8368,0.8433,0.006500000000000061
sub-300,black,0.8522,0.8587,0.006500000000000061
sub-248,shapessocial,0.7857,0.7922,0.006500000000000061
sub-236,shapesphysical,0.7024,0.7089,0.00649999999999995
sub-200,shapesphysical,0.7558,0.7623,0.00649999999999995
sub-174,sherlock,0.8049,0.8113,0.006400000000000072
sub-308,forgot,0.8107,0.8171,0.006400000000000072
sub-268,notthefalllongscram,0.8542,0.8605,0.006300000000000083
sub-244,21styear,0.7879,0.7941,0.006199999999999983
sub-105,prettymouth,0.8368,0.843,0.006199999999999983
sub-327,notthefallintact,0.8368,0.843,0.006199999999999983
sub-256,21styear,0.7864,0.7926,0.006199999999999983
sub-175,sherlock,0.8142,0.8203,0.006099999999999994
sub-285,black,0.848,0.8541,0.006099999999999994
sub-180,merlin,0.8357,0.8417,0.006000000000000005
sub-166,sherlock,0.7899,0.7959,0.006000000000000005
sub-151,sherlock,0.7679,0.7739,0.006000000000000005
sub-278,piemanpni,0.8543,0.8603,0.006000000000000005
sub-069,lucy,0.8321,0.8381,0.006000000000000005
sub-290,forgot,0.8564,0.8624,0.006000000000000005
sub-293,bronx,0.8022,0.808,0.005800000000000027
sub-201,shapesphysical,0.7446,0.7504,0.005799999999999916
sub-139,notthefalllongscram,0.8129,0.8186,0.005700000000000038
sub-068,pieman,0.8576,0.8633,0.005699999999999927
sub-168,sherlock,0.835,0.8406,0.005600000000000049
sub-292,black,0.806,0.8116,0.005599999999999938
sub-180,sherlock,0.8174,0.823,0.005599999999999938
sub-133,notthefalllongscram,0.8334,0.839,0.005599999999999938
sub-302,piemanpni,0.851,0.8565,0.00550000000000006
sub-190,shapesphysical,0.7651,0.7706,0.005499999999999949
sub-149,sherlock,0.7548,0.7603,0.005499999999999949
sub-174,merlin,0.8485,0.854,0.005499999999999949
sub-065,notthefallshortscram,0.8705,0.876,0.005499999999999949
sub-111,slumlordreach,0.8914,0.8968,0.005400000000000071
sub-062,tunnel,0.8239,0.8293,0.005400000000000071
sub-344,notthefalllongscram,0.8797,0.8851,0.00539999999999996
sub-303,piemanpni,0.844,0.8493,0.005300000000000082
sub-304,black,0.7737,0.779,0.005299999999999971
sub-306,black,0.7952,0.8005,0.005299999999999971
sub-283,bronx,0.8667,0.872,0.005299999999999971
sub-337,notthefalllongscram,0.8627,0.868,0.005299999999999971
sub-145,notthefallintact,0.9289,0.9341,0.0052000000000000934
sub-089,notthefallintact,0.8915,0.8967,0.0052000000000000934
sub-077,pieman,0.8151,0.8203,0.005199999999999982
sub-324,notthefallshortscram,0.867,0.8722,0.005199999999999982
sub-338,notthefallshortscram,0.9013,0.9065,0.005199999999999982
sub-059,lucy,0.8518,0.857,0.005199999999999982
sub-089,prettymouth,0.8593,0.8644,0.005099999999999993
sub-336,notthefallshortscram,0.8607,0.8658,0.005099999999999993
sub-025,tunnel,0.8645,0.8695,0.0050000000000000044
sub-017,pieman,0.8449,0.8499,0.0050000000000000044
sub-133,notthefallintact,0.9071,0.9121,0.0050000000000000044
sub-283,forgot,0.7521,0.7571,0.0050000000000000044
sub-254,21styear,0.8255,0.8305,0.0050000000000000044
sub-160,merlin,0.8158,0.8207,0.0049000000000000155
sub-157,merlin,0.8685,0.8734,0.004899999999999904
sub-301,forgot,0.8812,0.8859,0.0047000000000000375
sub-166,merlin,0.7916,0.7963,0.0047000000000000375
sub-268,21styear,0.7617,0.7664,0.0046999999999999265
sub-089,notthefallshortscram,0.8575,0.8622,0.0046999999999999265
sub-053,pieman,0.8767,0.8814,0.0046999999999999265
sub-032,prettymouth,0.852,0.8566,0.0046000000000000485
sub-148,sherlock,0.7924,0.797,0.0046000000000000485
sub-092,prettymouth,0.8776,0.8822,0.0045999999999999375
sub-328,notthefalllongscram,0.8943,0.8988,0.0045000000000000595
sub-211,shapesphysical,0.7664,0.7709,0.0045000000000000595
sub-153,sherlock,0.8359,0.8404,0.0045000000000000595
sub-210,shapessocial,0.7969,0.8014,0.0044999999999999485
sub-045,pieman,0.8375,0.842,0.0044999999999999485
sub-142,notthefalllongscram,0.8922,0.8966,0.0043999999999999595
sub-033,pieman,0.8647,0.8691,0.0043999999999999595
sub-340,notthefalllongscram,0.8375,0.8419,0.0043999999999999595
sub-034,notthefallintact,0.8785,0.8828,0.0043000000000000815
sub-234,shapesphysical,0.8055,0.8098,0.0042999999999999705
sub-065,lucy,0.8346,0.8389,0.0042999999999999705
sub-200,shapessocial,0.7929,0.7972,0.0042999999999999705
sub-158,sherlock,0.7588,0.7631,0.0042999999999999705
sub-153,merlin,0.812,0.8163,0.0042999999999999705
sub-032,pieman,0.8879,0.8922,0.0042999999999999705
sub-339,notthefallshortscram,0.8863,0.8906,0.0042999999999999705
sub-231,shapessocial,0.7595,0.7637,0.0042000000000000925
sub-284,forgot,0.8267,0.8309,0.0041999999999999815
sub-224,shapesphysical,0.778,0.7822,0.0041999999999999815
sub-179,sherlock,0.767,0.7712,0.0041999999999999815
sub-096,prettymouth,0.8486,0.8528,0.0041999999999999815
sub-306,piemanpni,0.8857,0.8898,0.0040999999999999925
sub-303,black,0.7738,0.7779,0.0040999999999999925
sub-053,lucy,0.8751,0.8792,0.0040999999999999925
sub-233,shapesphysical,0.774,0.7781,0.0040999999999999925
sub-329,notthefallshortscram,0.8896,0.8936,0.0040000000000000036
sub-169,sherlock,0.7892,0.7932,0.0040000000000000036
sub-140,slumlordreach,0.857,0.861,0.0040000000000000036
sub-279,forgot,0.791,0.795,0.0040000000000000036
sub-274,piemanpni,0.8596,0.8636,0.0040000000000000036
sub-231,shapesphysical,0.7486,0.7526,0.0040000000000000036
sub-292,forgot,0.8783,0.8822,0.0039000000000000146
sub-084,notthefallshortscram,0.8392,0.8431,0.0039000000000000146
sub-040,pieman,0.8902,0.894,0.0038000000000000256
sub-140,notthefallintact,0.8452,0.849,0.0038000000000000256
sub-041,lucy,0.8549,0.8586,0.0037000000000000366
sub-267,piemanpni,0.7717,0.7754,0.0036999999999999256
sub-173,sherlock,0.8067,0.8103,0.0036000000000000476
sub-075,merlin,0.7781,0.7817,0.0035999999999999366
sub-038,prettymouth,0.8671,0.8706,0.0035000000000000586
sub-308,bronx,0.8509,0.8544,0.0035000000000000586
sub-299,forgot,0.8127,0.8162,0.0035000000000000586
sub-276,bronx,0.8758,0.8793,0.0034999999999999476
sub-281,forgot,0.81,0.8135,0.0034999999999999476
sub-291,piemanpni,0.7937,0.7971,0.0034000000000000696
sub-304,piemanpni,0.7817,0.7851,0.0034000000000000696
sub-292,piemanpni,0.9337,0.9371,0.0034000000000000696
sub-272,piemanpni,0.8209,0.8243,0.0034000000000000696
sub-282,forgot,0.8408,0.8442,0.0033999999999999586
sub-249,21styear,0.8094,0.8128,0.0033999999999999586
sub-201,21styear,0.8017,0.805,0.0033000000000000806
sub-071,pieman,0.9148,0.9181,0.0033000000000000806
sub-345,notthefallshortscram,0.9051,0.9084,0.0032999999999999696
sub-315,piemanpni,0.8323,0.8356,0.0032999999999999696
sub-307,forgot,0.7717,0.775,0.0032999999999999696
sub-235,21styear,0.7969,0.8002,0.0032999999999999696
sub-111,notthefalllongscram,0.9544,0.9576,0.0031999999999999806
sub-240,shapessocial,0.8269,0.8301,0.0031999999999999806
sub-271,21styear,0.848,0.8511,0.0030999999999999917
sub-061,pieman,0.8463,0.8494,0.0030999999999999917
sub-300,piemanpni,0.8831,0.8862,0.0030999999999999917
sub-081,pieman,0.8821,0.8851,0.0030000000000000027
sub-213,shapesphysical,0.9036,0.9066,0.0030000000000000027
sub-222,shapesphysical,0.8389,0.8419,0.0030000000000000027
sub-305,forgot,0.7983,0.8013,0.0030000000000000027
sub-327,notthefalllongscram,0.7997,0.8027,0.0030000000000000027
sub-053,tunnel,0.8986,0.9016,0.0030000000000000027
sub-304,forgot,0.8134,0.8163,0.0029000000000000137
sub-276,black,0.8304,0.8333,0.0029000000000000137
sub-344,notthefallintact,0.8918,0.8947,0.0029000000000000137
sub-294,forgot,0.8488,0.8517,0.0029000000000000137
sub-342,notthefallintact,0.9396,0.9425,0.0029000000000000137
sub-034,pieman,0.8775,0.8804,0.0029000000000000137
sub-224,shapessocial,0.8817,0.8846,0.0029000000000000137
sub-289,forgot,0.8292,0.8321,0.0028999999999999027
sub-136,notthefallintact,0.8856,0.8885,0.0028999999999999027
sub-228,shapesphysical,0.7671,0.7699,0.0028000000000000247
sub-285,piemanpni,0.8913,0.8941,0.0028000000000000247
sub-337,notthefallintact,0.8694,0.8722,0.0028000000000000247
sub-240,shapesphysical,0.8091,0.8119,0.0027999999999999137
sub-291,bronx,0.8525,0.8553,0.0027999999999999137
sub-041,tunnel,0.8766,0.8794,0.0027999999999999137
sub-316,notthefallintact,0.871,0.8737,0.0027000000000000357
sub-257,21styear,0.749,0.7517,0.0027000000000000357
sub-020,pieman,0.8542,0.8569,0.0027000000000000357
sub-111,notthefallintact,0.8798,0.8825,0.0026999999999999247
sub-139,notthefallintact,0.8131,0.8158,0.0026999999999999247
sub-082,pieman,0.9482,0.9509,0.0026999999999999247
sub-247,shapessocial,0.9295,0.9321,0.0026000000000000467
sub-318,notthefallintact,0.9641,0.9667,0.0026000000000000467
sub-245,shapesphysical,0.7795,0.7821,0.0026000000000000467
sub-334,notthefalllongscram,0.8448,0.8473,0.0025000000000000577
sub-050,pieman,0.8617,0.8642,0.0024999999999999467
sub-275,forgot,0.7847,0.7871,0.0024000000000000687
sub-321,notthefallintact,0.9154,0.9178,0.0023999999999999577
sub-052,tunnel,0.9616,0.964,0.0023999999999999577
sub-272,bronx,0.8461,0.8484,0.0023000000000000798
sub-250,shapesphysical,0.8774,0.8797,0.0023000000000000798
sub-213,shapessocial,0.8152,0.8175,0.0022999999999999687
sub-276,piemanpni,0.8373,0.8396,0.0022999999999999687
sub-173,merlin,0.7653,0.7676,0.0022999999999999687
sub-314,black,0.8406,0.8429,0.0022999999999999687
sub-315,black,0.8056,0.8079,0.0022999999999999687
sub-269,21styear,0.8371,0.8393,0.0022000000000000908
sub-342,notthefallshortscram,0.8755,0.8777,0.0022000000000000908
sub-051,pieman,0.8867,0.8889,0.0021999999999999797
sub-080,pieman,0.8757,0.8779,0.0021999999999999797
sub-056,pieman,0.8439,0.8461,0.0021999999999999797
sub-076,pieman,0.8847,0.8869,0.0021999999999999797
sub-298,bronx,0.8108,0.813,0.0021999999999999797
sub-301,bronx,0.8717,0.8739,0.0021999999999999797
sub-314,piemanpni,0.8594,0.8616,0.0021999999999999797
sub-310,piemanpni,0.8334,0.8356,0.0021999999999999797
sub-338,notthefallintact,0.8818,0.8839,0.0020999999999999908
sub-282,black,0.8361,0.8382,0.0020999999999999908
sub-026,lucy,0.8656,0.8677,0.0020999999999999908
sub-127,black,0.8475,0.8496,0.0020999999999999908
sub-004,tunnel,0.7651,0.7672,0.0020999999999999908
sub-303,bronx,0.8391,0.8412,0.0020999999999999908
sub-293,piemanpni,0.7861,0.7881,0.0020000000000000018
sub-307,bronx,0.8962,0.8982,0.0020000000000000018
sub-308,black,0.7907,0.7927,0.0020000000000000018
sub-144,slumlordreach,0.8972,0.8992,0.0020000000000000018
sub-137,notthefallintact,0.9727,0.9747,0.0020000000000000018
sub-228,shapessocial,0.8851,0.887,0.0019000000000000128
sub-111,prettymouth,0.9694,0.9713,0.0019000000000000128
sub-055,lucy,0.9202,0.9221,0.0019000000000000128
sub-199,notthefallintact,0.8213,0.8232,0.0019000000000000128
sub-066,tunnel,0.9612,0.9631,0.0018999999999999018
sub-170,sherlock,0.7962,0.798,0.0018000000000000238
sub-131,21styear,0.7862,0.788,0.0018000000000000238
sub-308,piemanpni,0.8376,0.8394,0.0018000000000000238
sub-079,pieman,0.8426,0.8444,0.0018000000000000238
sub-145,slumlordreach,0.9767,0.9785,0.0018000000000000238
sub-027,pieman,0.8401,0.8419,0.0018000000000000238
sub-324,notthefallintact,0.8632,0.865,0.0018000000000000238
sub-156,sherlock,0.751,0.7528,0.0018000000000000238
sub-233,shapessocial,0.8353,0.8371,0.0017999999999999128
sub-177,sherlock,0.7909,0.7927,0.0017999999999999128
sub-132,slumlordreach,0.9559,0.9576,0.0017000000000000348
sub-009,pieman,0.823,0.8247,0.0017000000000000348
sub-315,bronx,0.8198,0.8215,0.0017000000000000348
sub-296,piemanpni,0.8457,0.8474,0.0017000000000000348
sub-140,notthefalllongscram,0.8782,0.8798,0.0016000000000000458
sub-277,black,0.8069,0.8085,0.0016000000000000458
sub-221,shapessocial,0.9675,0.9691,0.0015999999999999348
sub-279,black,0.841,0.8425,0.0015000000000000568
sub-280,black,0.8066,0.8081,0.0015000000000000568
sub-093,prettymouth,0.8319,0.8334,0.0015000000000000568
sub-267,bronx,0.8372,0.8387,0.0014999999999999458
sub-021,pieman,0.9765,0.978,0.0014999999999999458
sub-057,tunnel,0.9675,0.969,0.0014999999999999458
sub-026,tunnel,0.8505,0.852,0.0014999999999999458
sub-107,prettymouth,0.958,0.9594,0.0014000000000000679
sub-091,prettymouth,0.8634,0.8648,0.0014000000000000679
sub-300,bronx,0.8336,0.835,0.0013999999999999568
sub-335,notthefallintact,0.8882,0.8896,0.0013999999999999568
sub-060,tunnel,0.8452,0.8465,0.0013000000000000789
sub-290,bronx,0.8321,0.8334,0.0013000000000000789
sub-104,prettymouth,0.9718,0.9731,0.0012999999999999678
sub-036,pieman,0.9706,0.9719,0.0012999999999999678
sub-306,bronx,0.8378,0.8391,0.0012999999999999678
sub-064,tunnel,0.9111,0.9124,0.0012999999999999678
sub-219,shapessocial,0.8002,0.8015,0.0012999999999999678
sub-331,notthefalllongscram,0.8538,0.8551,0.0012999999999999678
sub-060,pieman,0.978,0.9793,0.0012999999999999678
sub-144,notthefalllongscram,0.8369,0.8382,0.0012999999999999678
sub-285,bronx,0.8189,0.8201,0.0012000000000000899
sub-022,tunnel,0.9664,0.9676,0.0011999999999999789
sub-190,shapessocial,0.8756,0.8768,0.0011999999999999789
sub-297,piemanpni,0.8715,0.8727,0.0011999999999999789
sub-070,pieman,0.9675,0.9687,0.0011999999999999789
sub-046,pieman,0.862,0.8632,0.0011999999999999789
sub-143,slumlordreach,0.9826,0.9838,0.0011999999999999789
sub-061,tunnel,0.9669,0.9681,0.0011999999999999789
sub-322,notthefallintact,0.9476,0.9488,0.0011999999999999789
sub-238,shapessocial,0.8486,0.8498,0.0011999999999999789
sub-097,prettymouth,0.9748,0.976,0.0011999999999999789
sub-103,prettymouth,0.9639,0.9651,0.0011999999999999789
sub-042,pieman,0.8933,0.8944,0.0010999999999999899
sub-030,pieman,0.9714,0.9725,0.0010999999999999899
sub-212,shapessocial,0.8098,0.8109,0.0010999999999999899
sub-016,slumlordreach,0.9667,0.9678,0.0010999999999999899
sub-047,pieman,0.9608,0.9619,0.0010999999999999899
sub-246,shapesphysical,0.7945,0.7956,0.0010999999999999899
sub-049,pieman,0.9715,0.9726,0.0010999999999999899
sub-294,piemanpni,0.7941,0.7951,0.0010000000000000009
sub-007,pieman,0.8547,0.8557,0.0010000000000000009
sub-304,bronx,0.7456,0.7466,0.0010000000000000009
sub-064,pieman,0.8895,0.8905,0.0010000000000000009
sub-024,pieman,0.966,0.967,0.0010000000000000009
sub-099,prettymouth,0.9587,0.9597,0.0010000000000000009
sub-284,piemanpni,0.8542,0.8552,0.0010000000000000009
sub-039,pieman,0.9887,0.9897,0.0010000000000000009
sub-134,slumlordreach,0.974,0.9749,0.0009000000000000119
sub-301,black,0.8391,0.84,0.0009000000000000119
sub-291,black,0.8946,0.8955,0.0009000000000000119
sub-206,shapessocial,0.8188,0.8197,0.0009000000000000119
sub-162,sherlock,0.791,0.7919,0.0009000000000000119
sub-301,piemanpni,0.8756,0.8765,0.0008999999999999009
sub-065,pieman,0.9782,0.979,0.0008000000000000229
sub-239,shapessocial,0.9416,0.9424,0.0008000000000000229
sub-167,merlin,0.8007,0.8015,0.0008000000000000229
sub-280,forgot,0.814,0.8148,0.0008000000000000229
sub-305,black,0.8097,0.8105,0.0008000000000000229
sub-150,sherlock,0.8238,0.8246,0.0008000000000000229
sub-083,prettymouth,0.919,0.9198,0.0007999999999999119
sub-217,shapesphysical,0.7697,0.7705,0.0007999999999999119
sub-066,pieman,0.9717,0.9724,0.0007000000000000339
sub-056,lucy,0.9737,0.9744,0.0007000000000000339
sub-101,prettymouth,0.8704,0.8711,0.0007000000000000339
sub-190,21styear,0.7948,0.7955,0.0007000000000000339
sub-152,merlin,0.8472,0.8479,0.0007000000000000339
sub-028,pieman,0.9783,0.979,0.0007000000000000339
sub-066,prettymouth,0.9735,0.9742,0.0006999999999999229
sub-293,black,0.8637,0.8644,0.0006999999999999229
sub-345,notthefallintact,0.9574,0.9581,0.0006999999999999229
sub-309,black,0.7682,0.7688,0.0006000000000000449
sub-139,slumlordreach,0.939,0.9396,0.0006000000000000449
sub-146,merlin,0.7686,0.7692,0.0006000000000000449
sub-066,lucy,0.951,0.9516,0.0006000000000000449
sub-332,notthefallintact,0.9609,0.9615,0.0006000000000000449
sub-325,notthefallintact,0.9719,0.9725,0.0006000000000000449
sub-303,forgot,0.895,0.8956,0.0005999999999999339
sub-237,shapessocial,0.8726,0.8732,0.0005999999999999339
sub-282,piemanpni,0.8451,0.8456,0.000500000000000056
sub-035,pieman,0.8832,0.8837,0.000500000000000056
sub-031,pieman,0.911,0.9115,0.0004999999999999449
sub-065,notthefallintact,0.9633,0.9638,0.0004999999999999449
sub-095,prettymouth,0.9855,0.986,0.0004999999999999449
sub-225,shapesphysical,0.8122,0.8127,0.0004999999999999449
sub-055,pieman,0.9761,0.9765,0.00040000000000006697
sub-136,slumlordreach,0.8563,0.8567,0.00040000000000006697
sub-106,slumlordreach,0.9944,0.9948,0.00040000000000006697
sub-016,notthefallintact,0.9781,0.9785,0.00040000000000006697
sub-025,pieman,0.9856,0.986,0.00039999999999995595
sub-172,sherlock,0.796,0.7964,0.00039999999999995595
sub-253,shapessocial,0.9149,0.9153,0.00039999999999995595
sub-052,pieman,0.9838,0.9842,0.00039999999999995595
sub-302,bronx,0.8293,0.8297,0.00039999999999995595
sub-336,notthefallintact,0.901,0.9014,0.00039999999999995595
sub-058,pieman,0.9943,0.9946,0.000300000000000078
sub-127,shapesphysical,0.8644,0.8647,0.000300000000000078
sub-292,bronx,0.8894,0.8897,0.000300000000000078
sub-277,bronx,0.8506,0.8509,0.00029999999999996696
sub-281,piemanpni,0.8155,0.8158,0.00029999999999996696
sub-100,prettymouth,0.9624,0.9627,0.00029999999999996696
sub-333,notthefallintact,0.8858,0.8861,0.00029999999999996696
sub-319,notthefallintact,0.9725,0.9728,0.00029999999999996696
sub-150,merlin,0.8034,0.8037,0.00029999999999996696
sub-065,prettymouth,0.9685,0.9688,0.00029999999999996696
sub-018,pieman,0.9661,0.9663,0.000200000000000089
sub-022,lucy,0.8967,0.8969,0.00019999999999997797
sub-088,prettymouth,0.8608,0.861,0.00019999999999997797
sub-052,prettymouth,0.86,0.8602,0.00019999999999997797
sub-296,forgot,0.8258,0.826,0.00019999999999997797
sub-142,slumlordreach,0.9787,0.9789,0.00019999999999997797
sub-133,slumlordreach,0.9014,0.9016,0.00019999999999997797
sub-252,shapesphysical,0.7901,0.7903,0.00019999999999997797
sub-030,prettymouth,0.9343,0.9345,0.00019999999999997797
sub-326,notthefalllongscram,0.9464,0.9465,9.999999999998899e-05
sub-013,tunnel,0.9767,0.9768,9.999999999998899e-05
sub-106,prettymouth,0.9776,0.9777,9.999999999998899e-05
sub-295,bronx,0.8257,0.8258,9.999999999998899e-05
sub-037,pieman,0.9923,0.9924,9.999999999998899e-05
sub-298,black,0.8169,0.8169,0.0
sub-244,shapessocial,0.8186,0.8186,0.0
sub-067,pieman,0.9956,0.9956,0.0
sub-069,tunnel,0.9992,0.9992,0.0
sub-048,pieman,0.9731,0.973,-9.999999999998899e-05
sub-075,21styear,0.7655,0.7654,-9.999999999998899e-05
sub-058,tunnel,0.9827,0.9826,-9.999999999998899e-05
sub-243,shapesphysical,0.88,0.8799,-9.999999999998899e-05
sub-141,notthefallshortscram,0.8037,0.8036,-9.999999999998899e-05
sub-206,shapesphysical,0.7875,0.7874,-9.999999999998899e-05
sub-095,notthefallintact,0.8879,0.8878,-9.999999999998899e-05
sub-329,notthefallintact,0.9904,0.9903,-9.999999999998899e-05
sub-142,notthefallintact,0.9744,0.9743,-9.999999999998899e-05
sub-022,pieman,0.9929,0.9927,-0.00019999999999997797
sub-302,black,0.8482,0.848,-0.00019999999999997797
sub-102,prettymouth,0.9826,0.9824,-0.00019999999999997797
sub-066,notthefalllongscram,0.9661,0.9659,-0.00019999999999997797
sub-253,shapesphysical,0.8577,0.8575,-0.00019999999999997797
sub-305,bronx,0.829,0.8288,-0.00019999999999997797
sub-069,pieman,0.8297,0.8295,-0.00019999999999997797
sub-085,prettymouth,0.8927,0.8925,-0.000200000000000089
sub-057,pieman,0.9822,0.9819,-0.00029999999999996696
sub-043,pieman,0.977,0.9767,-0.00029999999999996696
sub-238,shapesphysical,0.837,0.8367,-0.00029999999999996696
sub-170,merlin,0.8386,0.8383,-0.00029999999999996696
sub-135,slumlordreach,0.9612,0.9609,-0.000300000000000078
sub-058,shapessocial,0.9756,0.9753,-0.000300000000000078
sub-134,notthefalllongscram,0.9801,0.9797,-0.00039999999999995595
sub-074,lucy,0.8891,0.8887,-0.00039999999999995595
sub-132,notthefallintact,0.8887,0.8883,-0.00040000000000006697
sub-212,shapesphysical,0.7448,0.7444,-0.00040000000000006697
sub-195,notthefallintact,0.8152,0.8148,-0.00040000000000006697
sub-339,notthefallintact,0.9696,0.9692,-0.00040000000000006697
sub-098,prettymouth,0.9601,0.9596,-0.0004999999999999449
sub-065,tunnel,0.9886,0.9881,-0.000500000000000056
sub-305,piemanpni,0.7942,0.7937,-0.000500000000000056
sub-343,notthefallshortscram,0.9762,0.9756,-0.0005999999999999339
sub-063,tunnel,0.8169,0.8163,-0.0005999999999999339
sub-325,notthefallshortscram,0.8245,0.8239,-0.0006000000000000449
sub-143,notthefallintact,0.8951,0.8945,-0.0006000000000000449
sub-267,forgot,0.8962,0.8956,-0.0006000000000000449
sub-218,shapesphysical,0.7537,0.7531,-0.0006000000000000449
sub-062,pieman,0.9727,0.972,-0.0007000000000000339
sub-038,pieman,0.9815,0.9808,-0.0007000000000000339
sub-086,prettymouth,0.9759,0.9752,-0.0007000000000000339
sub-299,bronx,0.82,0.8192,-0.0007999999999999119
sub-274,forgot,0.9813,0.9805,-0.0007999999999999119
sub-073,pieman,0.9703,0.9695,-0.0008000000000000229
sub-056,tunnel,0.9492,0.9484,-0.0008000000000000229
sub-135,notthefallintact,0.914,0.9132,-0.0008000000000000229
sub-084,slumlordreach,0.8699,0.8691,-0.0008000000000000229
sub-242,shapesphysical,0.8708,0.87,-0.0008000000000000229
sub-290,piemanpni,0.86,0.8591,-0.0009000000000000119
sub-252,shapessocial,0.8002,0.7992,-0.0010000000000000009
sub-208,shapesphysical,0.7598,0.7588,-0.0010000000000000009
sub-191,shapesphysical,0.939,0.938,-0.0010000000000000009
sub-052,lucy,0.9167,0.9156,-0.0010999999999999899
sub-141,slumlordreach,0.8221,0.821,-0.001100000000000101
sub-300,forgot,0.9032,0.902,-0.0011999999999999789
sub-066,notthefallintact,0.98,0.9788,-0.0011999999999999789
sub-245,shapessocial,0.8722,0.871,-0.0011999999999999789
sub-106,notthefallintact,0.9236,0.9224,-0.0011999999999999789
sub-250,shapessocial,0.9565,0.9553,-0.0011999999999999789
sub-176,merlin,0.816,0.8147,-0.0012999999999999678
sub-181,shapesphysical,0.7632,0.7619,-0.0012999999999999678
sub-230,shapessocial,0.8395,0.8382,-0.0013000000000000789
sub-299,black,0.8636,0.8623,-0.0013000000000000789
sub-273,black,0.7869,0.7856,-0.0013000000000000789
sub-335,notthefalllongscram,0.8776,0.8763,-0.0013000000000000789
sub-096,notthefallintact,0.8811,0.8797,-0.0013999999999999568
sub-179,merlin,0.7986,0.7971,-0.0014999999999999458
sub-095,notthefallshortscram,0.8219,0.8204,-0.0014999999999999458
sub-081,prettymouth,0.8946,0.8931,-0.0014999999999999458
sub-079,prettymouth,0.8808,0.8793,-0.0015000000000000568
sub-258,21styear,0.8342,0.8327,-0.0015000000000000568
sub-058,shapesphysical,0.9526,0.9511,-0.0015000000000000568
sub-171,sherlock,0.7951,0.7936,-0.0015000000000000568
sub-216,shapessocial,0.7798,0.7782,-0.0016000000000000458
sub-152,sherlock,0.7497,0.7481,-0.0016000000000000458
sub-296,bronx,0.8354,0.8338,-0.0016000000000000458
sub-230,shapesphysical,0.9778,0.9762,-0.0016000000000000458
sub-309,forgot,0.8317,0.8301,-0.0016000000000000458
sub-164,sherlock,0.7961,0.7945,-0.0016000000000000458
sub-306,forgot,0.856,0.8543,-0.0017000000000000348
sub-334,notthefallintact,0.8778,0.8761,-0.0017000000000000348
sub-211,shapessocial,0.9507,0.949,-0.0017000000000000348
sub-216,shapesphysical,0.8699,0.8682,-0.0017000000000000348
sub-050,prettymouth,0.7902,0.7885,-0.0017000000000000348
sub-235,shapesphysical,0.7769,0.7752,-0.0017000000000000348
sub-144,notthefallintact,0.9681,0.9663,-0.0017999999999999128
sub-297,bronx,0.8968,0.895,-0.0018000000000000238
sub-268,notthefallintact,0.9725,0.9707,-0.0018000000000000238
sub-138,slumlordreach,0.9057,0.9038,-0.0018999999999999018
sub-222,shapessocial,0.8864,0.8845,-0.0019000000000000128
sub-281,bronx,0.8836,0.8817,-0.0019000000000000128
sub-215,shapesphysical,0.8718,0.8698,-0.0020000000000000018
sub-181,shapessocial,0.8806,0.8786,-0.0020000000000000018
sub-058,lucy,0.9178,0.9158,-0.0020000000000000018
sub-273,piemanpni,0.8356,0.8336,-0.0020000000000000018
sub-242,shapessocial,0.9784,0.9764,-0.0020000000000000018
sub-059,pieman,0.8811,0.8791,-0.0020000000000000018
sub-278,bronx,0.8467,0.8446,-0.0020999999999999908
sub-095,shapessocial,0.8194,0.8172,-0.0021999999999999797
sub-299,piemanpni,0.8661,0.8639,-0.0021999999999999797
sub-220,shapesphysical,0.7945,0.7922,-0.0022999999999999687
sub-072,pieman,0.8965,0.8942,-0.0022999999999999687
sub-314,forgot,0.8239,0.8216,-0.0022999999999999687
sub-172,merlin,0.8172,0.8149,-0.0023000000000000798
sub-060,lucy,0.8618,0.8594,-0.0023999999999999577
sub-049,shapesphysical,0.7472,0.7448,-0.0023999999999999577
sub-246,shapessocial,0.8104,0.808,-0.0023999999999999577
sub-267,21styear,0.867,0.8646,-0.0023999999999999577
sub-223,shapessocial,0.8565,0.8541,-0.0024000000000000687
sub-115,shapessocial,0.8057,0.8032,-0.0024999999999999467
sub-208,shapessocial,0.8814,0.8789,-0.0024999999999999467
sub-137,slumlordreach,0.9033,0.9008,-0.0024999999999999467
sub-214,shapessocial,0.8154,0.8129,-0.0025000000000000577
sub-332,notthefallshortscram,0.8447,0.8422,-0.0025000000000000577
sub-220,shapessocial,0.8382,0.8356,-0.0025999999999999357
sub-151,merlin,0.7727,0.7701,-0.0026000000000000467
sub-229,shapessocial,0.8981,0.8955,-0.0026000000000000467
sub-239,shapesphysical,0.902,0.8993,-0.0027000000000000357
sub-087,prettymouth,0.9234,0.9205,-0.0029000000000000137
sub-274,bronx,0.8501,0.8472,-0.0029000000000000137
sub-236,shapessocial,0.8144,0.8114,-0.0030000000000000027
sub-223,shapesphysical,0.8049,0.8019,-0.0030000000000000027
sub-054,pieman,0.9734,0.9704,-0.0030000000000000027
sub-309,bronx,0.7554,0.7524,-0.0030000000000000027
sub-298,piemanpni,0.8552,0.8522,-0.0030000000000000027
sub-226,shapesphysical,0.8675,0.8644,-0.0031000000000001027
sub-218,shapessocial,0.809,0.8059,-0.0031000000000001027
sub-029,pieman,0.836,0.8328,-0.0031999999999999806
sub-034,prettymouth,0.8775,0.8743,-0.0031999999999999806
sub-331,notthefallintact,0.8665,0.8633,-0.0032000000000000917
sub-115,shapesphysical,0.7559,0.7526,-0.0032999999999999696
sub-235,shapessocial,0.8404,0.837,-0.0034000000000000696
sub-297,forgot,0.8787,0.8753,-0.0034000000000000696
sub-243,shapessocial,0.8299,0.8263,-0.0035999999999999366
sub-277,piemanpni,0.8194,0.8158,-0.0036000000000000476
sub-274,black,0.7917,0.788,-0.0036999999999999256
sub-275,piemanpni,0.826,0.8223,-0.0036999999999999256
sub-005,tunnel,0.8818,0.8781,-0.0037000000000000366
sub-294,black,0.8076,0.8039,-0.0037000000000000366
sub-283,piemanpni,0.8428,0.8391,-0.0037000000000000366
sub-232,shapesphysical,0.819,0.8152,-0.0037999999999999146
sub-227,shapessocial,0.7994,0.7956,-0.0038000000000000256
sub-186,shapessocial,0.8146,0.8108,-0.0038000000000000256
sub-280,bronx,0.8176,0.8138,-0.0038000000000000256
sub-210,shapesphysical,0.7755,0.7716,-0.0039000000000000146
sub-229,shapesphysical,0.7738,0.7699,-0.0039000000000000146
sub-127,piemanpni,0.8595,0.8556,-0.0039000000000000146
sub-251,shapessocial,0.8549,0.8509,-0.0040000000000000036
sub-297,black,0.8121,0.8081,-0.0040000000000000036
sub-275,black,0.796,0.7918,-0.0042000000000000925
sub-132,notthefalllongscram,0.8297,0.8252,-0.0044999999999999485
sub-061,lucy,0.8441,0.8396,-0.0044999999999999485
sub-279,bronx,0.8782,0.8737,-0.0044999999999999485
sub-272,black,0.7597,0.755,-0.0047000000000000375
sub-207,shapessocial,0.7768,0.772,-0.0048000000000000265
sub-284,black,0.8244,0.8194,-0.0050000000000000044
sub-059,tunnel,0.8762,0.8711,-0.005099999999999993
sub-055,tunnel,0.84,0.8347,-0.005299999999999971
sub-248,shapesphysical,0.7492,0.7438,-0.00539999999999996
sub-227,shapesphysical,0.7151,0.7095,-0.005599999999999938
sub-215,shapessocial,0.7922,0.7866,-0.005600000000000049
sub-241,shapessocial,0.7756,0.7696,-0.006000000000000005
sub-310,black,0.8003,0.7943,-0.006000000000000005
sub-214,shapesphysical,0.8323,0.8262,-0.006099999999999994
sub-226,shapessocial,0.867,0.8607,-0.006299999999999972
sub-234,shapessocial,0.7702,0.7636,-0.00660000000000005
sub-219,shapesphysical,0.7232,0.7164,-0.006799999999999917
sub-201,shapessocial,0.7996,0.7928,-0.006800000000000028
sub-095,shapesphysical,0.8294,0.8225,-0.006900000000000017
sub-295,black,0.8381,0.8311,-0.007000000000000006
sub-191,shapessocial,0.8116,0.8044,-0.007199999999999984
sub-249,shapesphysical,0.8802,0.8729,-0.007299999999999973
sub-108,prettymouth,0.8375,0.8301,-0.007400000000000073
sub-209,shapesphysical,0.7494,0.7417,-0.007699999999999929
sub-186,shapesphysical,0.7317,0.7239,-0.007800000000000029
sub-241,shapesphysical,0.7878,0.7798,-0.007999999999999896
sub-090,prettymouth,0.8995,0.8914,-0.008099999999999996
sub-249,shapessocial,0.7646,0.7563,-0.008299999999999974
sub-084,prettymouth,0.7745,0.7659,-0.008599999999999941
sub-247,shapesphysical,0.82,0.8114,-0.008599999999999941
sub-049,shapessocial,0.8532,0.8437,-0.009499999999999953
sub-237,shapesphysical,0.739,0.7276,-0.011399999999999966
sub-232,shapessocial,0.8478,0.8284,-0.019399999999999973
sub-110,prettymouth,0.9699,0.929,-0.040899999999999936
sub-323,notthefallintact,0.9627,0.9169,-0.04579999999999995
sub-026,pieman,0.9592,0.9014,-0.057800000000000074
sub-251,shapesphysical,0.9581,0.8976,-0.0605
sub-221,shapesphysical,0.9361,0.8631,-0.07300000000000006
